seq,timestamp_offset_s,md_m,tvd_m,rop_mph,wob_kn,rpm,torque_knm,spp_bar,flow_in_lpm,flow_out_lpm,pit_volume_m3,mud_weight_sg,gas_units
0,0,3205.0,3160.13,18.5,118.0,128.0,13.2,166.0,1210.0,1208.0,82.0,1.18,18.0
1,1,3207.05,3162.15,18.62,118.3,128.18,13.3,166.25,1210.44,1208.74,82.0,1.18,18.28
2,2,3209.1,3164.17,18.75,118.6,128.36,13.39,166.49,1210.88,1209.46,82.0,1.18,18.56
3,3,3211.15,3166.19,18.87,118.89,128.54,13.48,166.72,1211.31,1210.13,82.0,1.18,18.83
4,4,3213.2,3168.22,18.98,119.17,128.71,13.56,166.93,1211.72,1210.73,82.0,1.18,19.08
5,5,3215.25,3170.24,19.09,119.44,128.88,13.62,167.11,1212.11,1211.25,82.0,1.18,19.31
6,6,3217.3,3172.26,19.18,119.69,129.04,13.67,167.26,1212.47,1211.67,82.0,1.18,19.51
7,7,3219.35,3174.28,19.27,119.93,129.19,13.69,167.38,1212.81,1211.99,82.0,1.18,19.68
8,8,3221.4,3176.3,19.34,120.15,129.33,13.7,167.46,1213.11,1212.2,82.0,1.18,19.82
9,9,3223.45,3178.32,19.4,120.35,129.46,13.69,167.5,1213.37,1212.3,82.0,1.18,19.92
10,10,3225.5,3180.34,19.45,120.52,129.58,13.65,167.49,1213.58,1212.3,82.0,1.18,19.98
11,11,3227.55,3182.36,19.48,120.67,129.68,13.6,167.45,1213.76,1212.22,82.0,1.18,20.0
12,12,3229.6,3184.39,19.5,120.8,129.77,13.54,167.36,1213.89,1212.06,82.0,1.18,19.98
13,13,3231.65,3186.41,19.5,120.89,129.85,13.46,167.24,1213.97,1211.84,82.0,1.18,19.92
14,14,3233.7,3188.43,19.48,120.96,129.91,13.37,167.08,1214.0,1211.58,82.0,1.18,19.82
15,15,3235.75,3190.45,19.45,120.99,129.96,13.27,166.9,1213.98,1211.3,82.0,1.18,19.68
16,16,3237.8,3192.47,19.41,121.0,129.99,13.17,166.69,1213.91,1211.01,82.0,1.18,19.51
17,17,3239.85,3194.49,19.35,120.97,130.0,13.07,166.46,1213.8,1210.73,82.0,1.18,19.31
18,18,3241.9,3196.51,19.28,120.92,130.0,12.98,166.21,1213.64,1210.46,82.0,1.18,19.08
19,19,3243.95,3198.53,19.19,120.84,129.98,12.89,165.96,1213.43,1210.23,82.0,1.18,18.83
20,20,3246.0,3200.56,19.1,120.73,129.94,12.82,165.71,1213.18,1210.03,82.0,1.18,18.56
21,21,3248.05,3202.58,18.99,120.59,129.89,12.76,165.47,1212.89,1209.86,82.0,1.18,18.28
22,22,3250.1,3204.6,18.88,120.43,129.82,12.72,165.25,1212.57,1209.72,82.0,1.18,18.0
23,23,3252.15,3206.62,18.76,120.24,129.74,12.7,165.04,1212.21,1209.6,82.0,1.18,17.71
24,24,3254.2,3208.64,18.64,120.03,129.64,12.7,164.86,1211.83,1209.49,82.0,1.18,17.43
25,25,3256.25,3210.66,18.52,119.8,129.53,12.72,164.72,1211.42,1209.38,82.0,1.18,17.17
26,26,3258.3,3212.68,18.39,119.55,129.4,12.76,164.61,1211.0,1209.26,82.0,1.18,16.92
27,27,3260.35,3214.71,18.27,119.28,129.27,12.81,164.53,1210.56,1209.1,82.0,1.18,16.69
